{
  "id": "433998012345355354",
  "name": "test",
  "schemas": [
    {
      "id": "028998078944355354",
      "name": "C1",
      "installed": true,
      "keys": {
        "items": [
          {
            "name": "stringField",
            "type": "String",
            "def": {
              "required": false,
              "defaultValue": "df",
              "uppercase": true,
              "lowercase": true
            }
          },
          {
            "name": "numberField",
            "type": "Number",
            "def": {
              "required": true,
              "min": 0,
              "max": 100
            }
          },
          {
            "name": "dateField",
            "type": "Date",
            "def": {
              "required": true,
              "defaultValue": "2013-10-18T20:51:37.772Z"
            }
          },
          {
            "name": "booleanField",
            "type": "Boolean",
            "def": {
              "required": true,
              "defaultValue": true
            }
          },
          {
            "name": "mixedField",
            "type": "Mixed",
            "def": {
              "required": true
            }
          },
          {
            "name": "objectIdField",
            "type": "ObjectId",
            "def": {}
          },
          {
            "name": "foreignKeyField",
            "type": "ForeignKey",
            "def": {
              "required": false,
              "ref": "0727309702456319"
            }
          },
          {
            "name": "simpleTypedArrayField",
            "type": "Array",
            "def": {
              "oftype": "Number",
              "def": {
                "required": false,
                "min": 0,
                "max": 1001
              }
            }
          },
          {
            "name": "complexTypedArrayField",
            "type": "Array",
            "def": {
              "oftype": "NestedDocument",
              "def": {
                "keys": {
                  "items": [
                    {
                      "name": "stringField1",
                      "type": "String",
                      "def": {
                        "required": true,
                        "defaultValue": "df"
                      }
                    },
                    {
                      "name": "dateField1",
                      "type": "Date",
                      "def": {
                        "required": true,
                        "defaultValue": "2015-10-18T20:51:37.772Z"
                      }
                    },
                    {
                      "name": "booleanField1",
                      "type": "Boolean",
                      "def": {
                        "required": true,
                        "defaultValue": true
                      }
                    },
                    {
                      "name": "numberField",
                      "type": "Number",
                      "def": {
                        "required": true,
                        "min": 0,
                        "max": 100
                      }
                    }
                  ]
                }
              }
            }
          },
          {
            "name": "referencedSchemaArrayField",
            "type": "Array",
            "def": {
              "oftype": "ChildDocument",
              "def": {
                "ref": "04192730623541058"
              }
            }
          },
          {
            "name": "mixedArrayField",
            "type": "Array",
            "def": {
              "oftype": "Mixed",
              "def": {
                "required": true
              }
            }
          },
          {
            "name": "foreignKeyArrayField",
            "type": "Array",
            "def": {
              "oftype": "ForeignKey",
              "def": {
                "ref": "0727309702456319"
              }
            }
          },
          {
            "name": "nestedDocumentField",
            "type": "NestedDocument",
            "def": {
              "keys": {
                "items": [
                  {
                    "name": "stringField",
                    "type": "String",
                    "def": {
                      "required": true,
                      "defaultValue": "df"
                    }
                  },
                  {
                    "name": "dateField",
                    "type": "Date",
                    "def": {
                      "required": true,
                      "defaultValue": "2014-10-18T20:51:37.772Z"
                    }
                  },
                  {
                    "name": "booleanField",
                    "type": "Boolean",
                    "def": {
                      "required": true,
                      "defaultValue": true
                    }
                  },
                  {
                    "name": "subSchemaField",
                    "type": "NestedDocument",
                    "def": {
                      "keys": {
                        "items": [
                          {
                            "name": "stringField",
                            "type": "String",
                            "def": {
                              "required": true,
                              "defaultValue": "df"
                            }
                          },
                          {
                            "name": "dateField",
                            "type": "Date",
                            "def": {
                              "required": true,
                              "defaultValue": "2014-10-18T20:51:37.772Z"
                            }
                          },
                          {
                            "name": "booleanField",
                            "type": "Boolean",
                            "def": {
                              "required": true,
                              "defaultValue": true
                            }
                          },
                          {
                            "name": "subSchemaField",
                            "type": "NestedDocument",
                            "def": {
                              "keys": {
                                "items": [
                                  {
                                    "name": "stringField",
                                    "type": "String",
                                    "def": {
                                      "required": true,
                                      "defaultValue": "df"
                                    }
                                  },
                                  {
                                    "name": "dateField",
                                    "type": "Date",
                                    "def": {
                                      "required": true,
                                      "defaultValue": "2014-10-18T20:51:37.772Z"
                                    }
                                  },
                                  {
                                    "name": "booleanField",
                                    "type": "Boolean",
                                    "def": {
                                      "required": true,
                                      "defaultValue": true
                                    }
                                  }
                                ]
                              }
                            }
                          }
                        ]
                      }
                    }
                  }
                ]
              }
            }
          }
        ]
      }
    },
    {
      "id": "0727309702456319",
      "name": "C2",
      "installed": true,
      "keys": {
        "items": [
          {
            "name": "stringField1",
            "type": "String",
            "def": {
              "required": true,
              "defaultValue": "df"
            }
          },
          {
            "name": "dateField1",
            "type": "Date",
            "def": {
              "required": true,
              "defaultValue": "2013-10-18T20:51:37.772Z"
            }
          },
          {
            "name": "booleanField1",
            "type": "Boolean",
            "def": {
              "required": true
            }
          }
        ]
      }
    },
    {
      "id": "0876443005652102",
      "name": "C3",
      "installed": false,
      "keys": {
        "items": [
          {
            "name": "stringField2",
            "type": "String",
            "def": {
              "required": true,
              "defaultValue": "df"
            }
          },
          {
            "name": "dateField2",
            "type": "Date",
            "def": {
              "required": true,
              "defaultValue": "2016-10-18T20:51:37.772Z"
            }
          },
          {
            "name": "booleanField2",
            "type": "Boolean",
            "def": {
              "required": true,
              "defaultValue": false
            }
          }
        ]
      }
    },
    {
      "id": "04192730623541058",
      "name": "C4",
      "installed": false,
      "keys": {
        "items": [
          {
            "name": "stringField2",
            "type": "String",
            "def": {
              "required": true,
              "defaultValue": "df"
            }
          },
          {
            "name": "dateField2",
            "type": "Date",
            "def": {
              "required": true,
              "defaultValue": "2016-10-18T20:51:37.772Z"
            }
          },
          {
            "name": "booleanField2",
            "type": "Boolean",
            "def": {
              "required": true,
              "defaultValue": false
            }
          }
        ]
      }
    },
    {
      "id": "0535980761854775",
      "name": "Customer",
      "installed": true,
      "keys": {
        "items": [
          {
            "name": "title",
            "type": "String",
            "def": {
              "required": true,
              "enumeration": "Mr Mrs Miss Dr"
            }
          },
          {
            "name": "firstName",
            "type": "String",
            "def": {
              "required": false
            }
          },
          {
            "name": "lastName",
            "type": "Number",
            "def": {
              "required": true,
              "min": 0,
              "max": 100
            }
          },
          {
            "name": "dob",
            "type": "Date",
            "def": {
              "required": true
            }
          },
          {
            "name": "sex",
            "type": "String",
            "def": {
              "enumeration": "Male Female"
            }
          },
          {
            "name": "extraData",
            "type": "Mixed",
            "def": {}
          },
          {
            "name": "scores",
            "type": "Array",
            "def": {
              "oftype": "Number",
              "def": {
                "required": true,
                "min": 0,
                "max": 100
              }
            }
          },
          {
            "name": "address",
            "type": "NestedDocument",
            "def": {
              "keys": {
                "items": [
                  {
                    "name": "line1",
                    "type": "String",
                    "def": {
                      "required": true
                    }
                  },
                  {
                    "name": "line2",
                    "type": "String",
                    "def": {}
                  },
                  {
                    "name": "line3",
                    "type": "String",
                    "def": {}
                  },
                  {
                    "name": "town",
                    "type": "String",
                    "def": {
                      "required": true
                    }
                  },
                  {
                    "name": "county",
                    "type": "String",
                    "def": {
                      "required": true
                    }
                  },
                  {
                    "name": "postcode",
                    "type": "String",
                    "def": {
                      "required": true
                    }
                  },
                  {
                    "name": "latLong",
                    "type": "NestedDocument",
                    "def": {
                      "keys": {
                        "items": [
                          {
                            "name": "lat",
                            "type": "Number",
                            "def": {
                              "required": true
                            }
                          },
                          {
                            "name": "long",
                            "type": "Number",
                            "def": {
                              "required": true
                            }
                          }
                        ]
                      }
                    }
                  }
                ]
              }
            }
          },
          {
            "name": "orders",
            "type": "Array",
            "def": {
              "oftype": "ForeignKey",
              "def": {
                "required": true,
                "ref": "016305049997383936"
              }
            }
          }
        ]
      }
    },
    {
      "id": "016305049997383936",
      "name": "Order",
      "installed": true,
      "keys": {
        "items": [
          {
            "name": "quantity",
            "type": "Number",
            "def": {
              "required": false,
              "defaultValue": "1",
              "min": "1",
              "max": "10"
            }
          },
          {
            "name": "customer",
            "type": "ForeignKey",
            "def": {
              "required": true,
              "ref": "0535980761854775"
            }
          }
        ]
      }
    },
    {
      "id": "033899539506558085",
      "name": "p",
      "installed": true,
      "keys": {
        "items": [
          {
            "name": "sarray",
            "type": "String",
            "def": {
              "required": true,
              "defaultValue": "",
              "enumeration": "",
              "uppercase": false,
              "lowercase": false,
              "match": "",
              "trim": false
            }
          },
          {
            "name": "fk",
            "type": "ForeignKey",
            "def": {
              "required": false,
              "ref": "0978193568328699"
            }
          }
        ]
      }
    },
    {
      "id": "0978193568328699",
      "name": "refn",
      "installed": true,
      "keys": {
        "items": [
          {
            "name": "newkey",
            "type": "String",
            "def": {
              "required": true
            }
          }
        ]
      }
    }
  ]
}