{
  "C1": {
    "installed": true,
    "keys": {
      "items": {
        "stringField": {
          "type": "String",
          "required": true,
          "default": "df"
        },
        "numberField": {
          "type": "Number",
          "required": true,
          "min": 0,
          "max": 100
        },
        "dateField": {
          "type": "Date",
          "required": true,
          "default": "2013-10-18T20:51:37.772Z"
        },
        "booleanField": {
          "type": "Boolean",
          "required": true,
          "default": true
        },
        "objectIdField": {
          "type": "ObjectId"
        },
        "foreignKeyObjectIdField": {
          "type": "ObjectId",
          "ref": "c2"
        },
        "simpleTypedArrayField": {
          "type": "Array",
          "key": {
            "type": "Number",
            "required": true,
            "min": 0,
            "max": 100
          }
        },
        "foreignKeyArrayField": {
          "type": "Array",
          "key": {
            "type": "ObjectId",
            "ref": "c2"
          }
        },
        "ownedSubSchemaField": {
          "keys": {
            "items": {
              "stringField1": {
                "type": "String",
                "required": true,
                "default": "df"
              },
              "dateField1": {
                "type": "Date",
                "required": true,
                "default": "2014-10-18T20:51:37.772Z"
              },
              "booleanField1": {
                "type": "Boolean",
                "required": true,
                "default": true
              },
              "subSchemaField1": {
                "keys": {
                  "items": {
                    "stringField2": {
                      "type": "String",
                      "required": true,
                      "default": "df"
                    },
                    "dateField2": {
                      "type": "Date",
                      "required": true,
                      "default": "2014-10-18T20:51:37.772Z"
                    },
                    "booleanField2": {
                      "type": "Boolean",
                      "required": true,
                      "default": true
                    },
                    "subSchemaField2": {
                      "keys": {
                        "items": {
                          "stringField3": {
                            "type": "String",
                            "required": true,
                            "default": "df"
                          },
                          "dateField3": {
                            "type": "Date",
                            "required": true,
                            "default": "2014-10-18T20:51:37.772Z"
                          },
                          "booleanField3": {
                            "type": "Boolean",
                            "required": true,
                            "default": true
                          }
                        }
                      }
                    }
                  }
                }
              }
            }
          }
        },
        "complexTypedArrayField": {
          "type": "Array",
          "keys": {
            "items": {
              "stringField1": {
                "type": "String",
                "required": true,
                "default": "df"
              },
              "dateField1": {
                "type": "Date",
                "required": true,
                "default": "2015-10-18T20:51:37.772Z"
              },
              "booleanField1": {
                "type": "Boolean",
                "required": true,
                "default": true
              },
              "numberField": {
                "type": "Number",
                "required": true,
                "min": 0,
                "max": 100
              }
            }
          }
        },
        "referencedSchemaArrayField": {
          "type": "Array",
          "key": {
            "type": "ref",
            "ref": "C3"
          }
        }
      }
    }
  }
}