{"controllers":[{"name":"Customer","code":"function a(){}","actions":[{"name":"index","url":"/customer","method":"GET","code":"function a(){}","displayed":false},{"name":"new","url":"/customer/new","method":"GET","code":"function a(){}","displayed":false},{"name":"create","url":"/customer","method":"POST","code":"function a(){}"},{"name":"show","url":"/customer/:id","method":"GET","code":"function a(){}"},{"name":"edit","url":"/customer/:id/edit","method":"GET","code":"function a(){}","displayed":false},{"name":"update","url":"/customer/:id","method":"PUT","code":"function a(){}"},{"name":"destroy","url":"/customer/:id","method":"DELETE","code":"function a(){}","displayed":false}],"displayed":false},{"name":"Customer","code":"function a(){}","actions":[{"name":"index","url":"/customer","method":"GET","code":"function a(){}"},{"name":"new","url":"/customer/new","method":"GET","code":"function a(){}"},{"name":"create","url":"/customer","method":"POST","code":"function a(){}"},{"name":"show","url":"/customer/:id","method":"GET","code":"function a(){}"},{"name":"edit","url":"/customer/:id/edit","method":"GET","code":"function a(){}"},{"name":"update","url":"/customer/:id","method":"PUT","code":"function a(){}"},{"name":"destroy","url":"/customer/:id","method":"DELETE","code":"function a(){}"},{"name":"<action name>","url":"/customer","code":"function(req, res) {\n}","displayed":false},{"name":"<action name>","url":"/customer","code":"function(req, res) {\n}"}],"displayed":false},{"name":"Customer","code":"function a(){}","actions":[{"name":"index","url":"/customer","method":"GET","code":"function a(){}"},{"name":"new","url":"/customer/new","method":"GET","code":"function a(){}"},{"name":"create","url":"/customer","method":"POST","code":"function a(){}"},{"name":"show","url":"/customer/:id","method":"GET","code":"function a(){}"},{"name":"edit","url":"/customer/:id/edit","method":"GET","code":"function a(){}"},{"name":"update","url":"/customer/:id","method":"PUT","code":"function a(){}"},{"name":"destroy","url":"/customer/:id","method":"DELETE","code":"function a(){}"},{"name":"<action name>","url":"/customer","code":"function(req, res) {\n}","displayed":false},{"name":"<action name>","url":"/customer","code":"function(req, res) {\n}"},{"name":"<action name>","url":"/customer","code":"function(req, res) {\n}"},{"name":"<action name>","url":"/customer","code":"function(req, res) {\n}","displayed":false},{"name":"<action name>","url":"/customer","code":"function(req, res) {\n}"},{"name":"<action name>","url":"/customer","code":"function(req, res) {\n}","displayed":false}],"displayed":true},{"name":"Customer","code":"function a(){}","actions":[{"name":"index","url":"/customer","method":"GET","code":"function a(){}"},{"name":"new","url":"/customer/new","method":"GET","code":"function a(){}"},{"name":"create","url":"/customer","method":"POST","code":"function a(){}"},{"name":"show","url":"/customer/:id","method":"GET","code":"function a(){}"},{"name":"edit","url":"/customer/:id/edit","method":"GET","code":"function a(){}"},{"name":"update","url":"/customer/:id","method":"PUT","code":"function a(){}"},{"name":"destroy","url":"/customer/:id","method":"DELETE","code":"function a(){}"}]}],"hasControllerDisplayed":{"name":"Customer","code":"function a(){}","actions":[{"name":"index","url":"/customer","method":"GET","code":"function a(){}"},{"name":"new","url":"/customer/new","method":"GET","code":"function a(){}"},{"name":"create","url":"/customer","method":"POST","code":"function a(){}"},{"name":"show","url":"/customer/:id","method":"GET","code":"function a(){}"},{"name":"edit","url":"/customer/:id/edit","method":"GET","code":"function a(){}"},{"name":"update","url":"/customer/:id","method":"PUT","code":"function a(){}"},{"name":"destroy","url":"/customer/:id","method":"DELETE","code":"function a(){}"},{"name":"<action name>","url":"/customer","code":"function(req, res) {\n}","displayed":false},{"name":"<action name>","url":"/customer","code":"function(req, res) {\n}"},{"name":"<action name>","url":"/customer","code":"function(req, res) {\n}"},{"name":"<action name>","url":"/customer","code":"function(req, res) {\n}","displayed":false},{"name":"<action name>","url":"/customer","code":"function(req, res) {\n}"},{"name":"<action name>","url":"/customer","code":"function(req, res) {\n}","displayed":false}],"displayed":true}}